WORD_ID,VOCABULARY_WORD
0,http
1,email
2,list
3,free
4,get
5,mail
6,use
7,receiv
8,click
9,one
10,pleas
11,inform
12,busi
13,order
14,address
15,remov
16,make
17,time
18,money
19,us
20,work
21,new
22,peopl
23,send
24,name
25,messag
26,site
27,offer
28,report
29,want
30,like
31,program
32,compani
33,would
34,need
35,day
36,year
37,market
38,call
39,product
40,servic
41,includ
42,internet
43,go
44,state
45,home
46,may
47,also
48,help
49,system
50,price
51,web
52,million
53,credit
54,form
55,softwar
56,grant
57,rate
58,look
59,number
60,know
61,take
62,month
63,way
64,start
65,see
66,find
67,link
68,first
69,right
70,today
71,govern
72,follow
73,person
74,chang
75,even
76,interest
77,phone
78,mani
79,de
80,best
81,life
82,ad
83,user
84,save
85,check
86,much
87,avail
88,provid
89,onlin
90,special
91,everi
92,repli
93,subject
94,could
95,file
96,card
97,contact
98,wish
99,guarante
100,within
101,sent
102,complet
103,week
104,world
105,come
106,custom
107,insur
108,per
109,back
110,linux
111,secur
112,search
113,line
114,profession
115,visit
116,futur
117,advertis
118,invest
119,say
120,give
121,comput
122,page
123,made
124,good
125,group
126,tri
127,thank
128,gener
129,legal
130,websit
131,hour
132,unsubscrib
133,account
134,commun
135,think
136,well
137,cost
138,sale
139,read
140,dollar
141,color
142,easi
143,without
144,success
145,access
146,opportun
147,fax
148,pay
149,requir
150,problem
151,never
152,current
153,cash
154,fill
155,purchas
156,thing
157,financi
158,increas
159,respons
160,manag
161,sell
162,keep
163,anyon
164,code
165,question
166,buy
167,request
168,spam
169,server
170,base
171,result
172,place
173,support
174,improv
175,let
176,maintain
177,simpl
178,instruct
179,set
180,un
181,wrote
182,subscript
183,packag
184,low
185,cd
186,next
187,two
188,countri
189,guid
190,age
191,simpli
192,sinc
193,ship
194,trade
195,incom
196,irish
197,long
198,plan
199,ever
200,write
201,issu
202,live
203,case
204,power
205,great
206,process
207,heaven
208,still
209,last
210,contain
211,thousand
212,sponsor
213,put
214,letter
215,loan
216,differ
217,allow
218,news
219,build
220,show
221,sure
222,total
223,member
224,must
225,copi
226,minut
227,real
228,better
229,unit
230,part
231,develop
232,ilug
233,full
234,effect
235,network
236,learn
237,format
238,listmast
239,engin
240,famili
241,run
242,box
243,step
244,top
245,less
246,lose
247,applic
248,fact
249,appli
250,high
251,version
252,citi
253,anoth
254,feel
255,plu
256,ca
257,risk
258,window
259,return
260,info
261,assist
262,mortgag
263,regard
264,e
265,client
266,realli
267,possibl
268,polici
269,share
270,protect
271,lead
272,immedi
273,ask
274,island
275,secret
276,valu
277,limit
278,end
279,instead
280,fund
281,said
282,tell
283,hundr
284,job
285,earn
286,detail
287,databas
288,tm
289,law
290,least
291,sourc
292,public
293,bill
294,old
295,nation
296,present
297,bank
298,claim
299,design
300,note
301,actual
302,believ
303,term
304,natur
305,instal
306,subscrib
307,accept
308,friend
309,littl
310,type
311,releas
312,ye
313,creat
314,abl
315,act
316,error
317,found
318,transact
319,lot
320,howev
321,direct
322,notic
323,absolut
324,word
325,licens
326,tool
327,point
328,download
329,decid
330,small
331,mean
332,method
333,someth
334,answer
335,intern
336,import
337,welcom
338,move
339,cours
340,broadcast
341,date
342,toner
343,open
344,sign
345,profit
346,submit
347,past
348,agent
349,alway
350,quot
351,domain
352,care
353,templ
354,enenkio
355,everyth
356,origin
357,post
358,continu
359,fix
360,mime
361,benefit
362,bodi
363,qualiti
364,promot
365,target
366,stop
367,cartridg
368,alreadi
369,technolog
370,reason
371,charg
372,mailto
373,becom
374,via
375,none
376,data
377,experi
378,deal
379,idea
380,r
381,industri
382,control
383,american
384,enter
385,dear
386,happen
387,weight
388,wait
389,individu
390,contract
391,got
392,drive
393,payment
394,b
395,debt
396,sever
397,bulk
398,matter
399,easili
400,someon
401,around
402,feder
403,center
404,tablet
405,add
406,prefer
407,featur
408,rememb
409,paid
410,geek
411,activ
412,select
413,offic
414,specif
415,regist
416,fast
417,oblig
418,second
419,three
420,directori
421,might
422,membership
423,amount
424,major
425,els
426,true
427,oper
428,associ
429,record
430,thinkgeek
431,addit
432,qualifi
433,exampl
434,discov
435,kingdom
436,seem
437,recent
438,test
439,turn
440,seen
441,foreign
442,understand
443,noth
444,book
445,oz
446,newslett
447,bonu
448,etc
449,forward
450,exist
451,la
452,en
453,privat
454,commiss
455,reach
456,partner
457,anyth
458,potenti
459,other
460,transfer
461,level
462,grow
463,c
464,entir
465,trust
466,involv
467,research
468,hard
469,text
470,away
471,juli
472,refer
473,fee
474,larg
475,consid
476,join
477,retail
478,document
479,delet
480,corpor
481,option
482,stock
483,locat
484,size
485,area
486,collect
487,confidenti
488,dagga
489,happi
490,parti
491,atol
492,suppli
493,automat
494,respond
495,america
496,url
497,statement
498,posit
499,ragga
500,aaaaaaaaaaaaaaaaaaaaaaaaaaaaaaaaaaaaaaaaaaaaaaaaaaaaaaaaaaaaaaaaaaaaaaaaaaaa
501,later
502,updat
503,loss
504,properti
505,big
506,author
507,aug
508,independ
509,le
510,caus
511,net
512,connect
513,project
514,approv
515,propos
516,kind
517,mind
518,though
519,content
520,health
521,expens
522,publish
523,standard
524,car
525,univers
526,botan
527,consult
528,tax
529,bit
530,pc
531,print
532,local
533,n
534,deathtospamdeathtospamdeathtospam
535,expect
536,smoke
537,pass
538,resourc
539,longer
540,track
541,everyon
542,train
543,valuabl
544,hope
545,huge
546,usa
547,meet
548,bottl
549,jul
550,five
551,suggest
552,relat
553,late
554,yet
555,lowest
556,enough
557,black
558,billion
559,dvd
560,final
561,view
562,safe
563,play
564,singl
565,marshal
566,readi
567,either
568,soon
569,whether
570,obtain
571,hand
572,medic
573,intend
574,probabl
575,done
576,media
577,handl
578,given
579,solut
580,employ
581,quick
582,event
583,love
584,compar
585,premium
586,copyright
587,comment
588,util
589,h
590,upon
591,miss
592,distribut
593,function
594,win
595,seventh
596,dream
597,almost
598,bad
599,extrem
600,item
601,talk
602,investor
603,owner
604,particip
605,et
606,privaci
607,whole
608,effort
609,due
610,adult
611,social
612,anywher
613,choos
614,human
615,judgment
616,combin
617,apolog
618,monthli
619,produc
620,growth
621,profil
622,amaz
623,review
624,strategi
625,daili
626,taken
627,sincer
628,recommend
629,shop
630,tip
631,video
632,extra
633,men
634,close
635,estat
636,women
637,x
638,hous
639,stuff
640,often
641,execut
642,short
643,burn
644,thu
645,commerci
646,stori
647,usd
648,hi
649,purpos
650,august
651,advantag
652,normal
653,diet
654,store
655,lender
656,rather
657,appear
658,hear
659,drop
660,wonder
661,tv
662,disk
663,along
664,street
665,materi
666,presid
667,south
668,moment
669,chanc
670,valid
671,fat
672,situat
673,section
674,paper
675,machin
676,paragraph
677,educ
678,concern
679,wo
680,mayb
681,begin
682,refin
683,watch
684,thought
685,fortun
686,male
687,perform
688,known
689,telephon
690,sold
691,announc
692,quit
693,suit
694,signatur
695,exchang
696,averag
697,annuiti
698,display
699,confirm
700,titl
701,capillari
702,exclus
703,key
704,p
705,king
706,bring
707,avoid
708,host
709,investig
710,agenc
711,uniqu
712,edit
713,sound
714,arial
715,organ
716,action
717,deliv
718,enjoy
719,figur
720,herba
721,nice
722,introduc
723,establish
724,wrong
725,spend
726,express
727,elimin
728,exercis
729,forc
730,insid
731,four
732,sweet
733,school
734,father
735,necessari
736,sum
737,press
738,head
739,forev
740,warranti
741,reserv
742,unlimit
743,field
744,unsolicit
745,hermio
746,travel
747,platform
748,histori
749,consum
750,offici
751,proven
752,game
753,mark
754,remain
755,intro
756,enhanc
757,assum
758,gain
759,ventur
760,accord
761,john
762,nigeria
763,extend
764,worth
765,deposit
766,capit
767,digit
768,rule
769,man
770,respect
771,desir
772,articl
773,count
774,seriou
775,excit
776,fastest
777,drug
778,altern
779,ago
780,lower
781,id
782,enabl
783,similar
784,af
785,l
786,electron
787,fulli
788,gift
789,competit
790,extract
791,log
792,compil
793,perfect
794,knowledg
795,sexual
796,pick
797,practic
798,sort
799,imag
800,choic
801,face
802,leav
803,replac
804,rest
805,side
806,directli
807,fail
808,excel
809,ignor
810,affili
811,period
812,came
813,abil
814,root
815,multipl
816,microsoft
817,firm
818,correct
819,interact
820,equip
821,certain
822,mention
823,razor
824,exactli
825,white
826,cut
827,factor
828,discount
829,movi
830,land
831,hit
832,half
833,studi
834,confid
835,asset
836,manual
837,freedom
838,class
839,advanc
840,cbyi
841,north
842,sampl
843,six
844,piec
845,seek
846,rpm
847,techniqu
848,imagin
849,peni
850,ab
851,resid
852,repres
853,conveni
854,tuesday
855,printer
856,attent
857,prepar
858,bug
859,reduc
860,underlin
861,easier
862,brand
863,verdana
864,illeg
865,revenu
866,sleep
867,sex
868,common
869,laserjet
870,far
871,interfac
872,indic
873,bottom
874,death
875,cover
876,econom
877,third
878,court
879,kernel
880,discoveri
881,depend
882,fall
883,administr
884,zip
885,stay
886,unison
887,took
888,energi
889,wall
890,clear
891,g
892,speed
893,citizen
894,browser
895,quickli
896,worri
897,hold
898,expand
899,categori
900,pictur
901,abus
902,screen
903,goal
904,depart
905,match
906,load
907,euro
908,decis
909,discuss
910,determin
911,reader
912,deliveri
913,equival
914,space
915,left
916,will
917,pain
918,hello
919,model
920,faster
921,region
922,achiev
923,wake
924,instant
925,china
926,gold
927,auto
928,technic
929,succeed
930,bf
931,backup
932,initi
933,congress
934,team
935,neg
936,rang
937,goe
938,career
939,worldwid
940,remot
941,basic
942,global
943,bar
944,expert
945,demand
946,attorney
947,main
948,describ
949,promis
950,ea
951,fine
952,mobil
953,urgent
954,mlm
955,war
956,hot
957,jm
958,ok
959,setup
960,ebay
961,sorri
962,die
963,verifi
964,blank
965,virtual
966,consolid
967,san
968,canada
969,polit
970,fl
971,pm
972,commentari
973,complianc
974,configur
975,background
976,ec
977,assur
978,stand
979,troubl
980,substanti
981,vacat
982,html
983,incred
984,condit
985,command
986,advis
987,default
988,forget
989,agre
990,showcas
991,wide
992,cell
993,lifetim
994,memori
995,seri
996,upgrad
997,stylu
998,poor
999,africa
1000,bonus
1001,anybodi
1002,tire
1003,seven
1004,regular
1005,unless
1006,rich
1007,heard
1008,u
1009,ms
1010,perl
1011,sender
1012,ensur
1013,helvetica
1014,break
1015,june
1016,sequenc
1017,son
1018,se
1019,prospect
1020,attract
1021,manufactur
1022,road
1023,told
1024,fals
1025,im
1026,held
1027,clean
1028,serv
1029,vulner
1030,dragon
1031,cabl
1032,india
1033,lost
1034,signific
1035,super
1036,uk
1037,para
1038,wing
1039,republ
1040,z
1041,roll
1042,sun
1043,epson
1044,perman
1045,bold
1046,togeth
1047,except
1048,popular
1049,feroc
1050,acquir
1051,teach
1052,colleg
1053,cooper
1054,gentl
1055,attack
1056,index
1057,front
1058,minimum
1059,broker
1060,reliabl
1061,tradit
1062,aa
1063,usag
1064,pound
1065,children
1066,advic
1067,prescript
1068,opt
1069,honor
1070,traffic
1071,sir
1072,pretti
1073,boot
1074,currenc
1075,folder
1076,kevin
1077,herb
1078,dial
1079,visa
1080,permiss
1081,correspond
1082,block
1083,guidelin
1084,kathmandu
1085,script
1086,sensit
1087,revers
1088,gpl
1089,separ
1090,equiti
1091,fun
1092,therefor
1093,behalf
1094,afford
1095,wed
1096,merchant
1097,expir
1098,ban
1099,central
1100,viagra
1101,supplement
1102,pocket
1103,laser
1104,bc
1105,relev
1106,hp
1107,mass
1108,militari
1109,master
1110,girl
1111,cent
1112,warn
1113,went
1114,pgp
1115,fit
1116,integr
1117,substanc
1118,identifi
1119,usual
1120,ident
1121,boss
1122,aphrodisia
1123,ba
1124,annual
1125,attach
1126,muscl
1127,trial
1128,strongli
1129,iii
1130,vou
1131,graphic
1132,definit
1133,kept
1134,buyer
1135,proprietari
1136,pour
1137,port
1138,variou
1139,compet
1140,skill
1141,although
1142,campaign
1143,herbal
1144,recruit
1145,mine
1146,panel
1147,sponsorship
1148,york
1149,oh
1150,opinion
1151,sens
1152,ftp
1153,button
1154,attempt
1155,procedur
1156,board
1157,magazin
1158,fresh
1159,comprehens
1160,q
1161,prosaka
1162,highli
1163,object
1164,tue
1165,femal
1166,hormon
1167,financ
1168,seminar
1169,convers
1170,fair
1171,whatev
1172,regul
1173,coupl
1174,treat
1175,norton
1176,k
1177,à
1178,cheer
1179,yahoo
1180,popul
1181,appreci
1182,roman
1183,truth
1184,classifi
1185,vjestika
1186,postal
1187,lock
1188,film
1189,deserv
1190,resum
1191,repair
1192,vehicl
1193,kid
1194,across
1195,basi
1196,previous
1197,spain
1198,remedi
1199,fork
1200,shown
1201,formula
1202,latest
1203,delay
1204,outsid
1205,j
1206,font
1207,perhap
1208,invit
1209,password
1210,commit
1211,sometim
1212,banner
1213,patch
1214,spray
1215,comfort
1216,scienc
1217,hair
1218,declar
1219,bb
1220,arriv
1221,particular
1222,ten
1223,ae
1224,wast
1225,draw
1226,constitut
1227,monitor
1228,robert
1229,ultim
1230,smart
1231,chief
1232,guess
1233,instantli
1234,doctor
1235,hidden
1236,varieti
1237,ministri
1238,acknowledg
1239,centuri
1240,prompt
1241,prevent
1242,employe
1243,especi
1244,matthia
1245,estim
1246,construct
1247,star
1248,largest
1249,testimoni
1250,michael
1251,moor
1252,unix
1253,fri
1254,progress
1255,path
1256,predict
1257,director
1258,night
1259,satellit
1260,homeown
1261,certainli
1262,pattern
1263,capabl
1264,wife
1265,isp
1266,approach
1267,chri
1268,pacif
1269,tabl
1270,guy
1271,leader
1272,reg
1273,entri
1274,blood
1275,rel
1276,skeptic
1277,west
1278,realiz
1279,descript
1280,input
1281,jabber
1282,lo
1283,shall
1284,inkjet
1285,mainten
1286,resel
1287,archiv
1288,anytim
1289,wireless
1290,â
1291,pill
1292,auction
1293,marshalles
1294,abacha
1295,fire
1296,pipe
1297,toward
1298,wholesal
1299,strong
1300,exact
1301,millionair
1302,touch
1303,yellow
1304,gnu
1305,chicago
1306,speak
1307,ffffff
1308,extens
1309,surpris
1310,domest
1311,solv
1312,filter
1313,refund
1314,sole
1315,lesson
1316,editor
1317,envelop
1318,march
1319,behind
1320,alon
1321,distanc
1322,settlement
1323,alert
1324,washington
1325,voic
1326,near
1327,confer
1328,coverag
1329,mistak
1330,registr
1331,ticket
1332,solicit
1333,invok
1334,larger
1335,implement
1336,anim
1337,weekli
1338,peac
1339,written
1340,ac
1341,languag
1342,inconveni
1343,smoker
1344,devic
1345,receipt
1346,var
1347,evalu
1348,economi
1349,mother
1350,launch
1351,anyway
1352,faith
1353,exmh
1354,flow
1355,anymor
1356,rais
1357,floppi
1358,da
1359,degre
1360,player
1361,tech
1362,w
1363,favorit
1364,driver
1365,percent
1366,red
1367,confus
1368,impress
1369,toll
1370,folk
1371,disclaim
1372,safeti
1373,porn
1374,switch
1375,string
1376,doubt
1377,jodi
1378,proper
1379,autom
1380,agreement
1381,suse
1382,survey
1383,strictli
1384,inde
1385,f
1386,art
1387,os
1388,sur
1389,relationship
1390,awar
1391,vote
1392,el
1393,retir
1394,paul
1395,mastercard
1396,specialist
1397,walk
1398,danger
1399,statu
1400,former
1401,recogn
1402,visitor
1403,concept
1404,carri
1405,dead
1406,journal
1407,majesti
1408,smtp
1409,properli
1410,amateur
1411,shock
1412,easiest
1413,attain
1414,music
1415,explain
1416,satisfi
1417,tin
1418,award
1419,eye
1420,solid
1421,renew
1422,god
1423,restor
1424,environ
1425,winner
1426,california
1427,est
1428,wealth
1429,whose
1430,appeal
1431,suffer
1432,tree
1433,tel
1434,sport
1435,oil
1436,explor
1437,reveal
1438,modifi
1439,monday
1440,possess
1441,pa
1442,enterpris
1443,husband
1444,impact
1445,prohibit
1446,compat
1447,light
1448,consist
1449,dynam
1450,morn
1451,channel
1452,entertain
1453,defin
1454,prove
1455,style
1456,excess
1457,gone
1458,tag
1459,frame
1460,hire
1461,exhibit
1462,cultur
1463,recipi
1464,challeng
1465,ratio
1466,listen
1467,alter
1468,innov
1469,unwant
1470,hover
1471,young
1472,slow
1473,programm
1474,doubl
1475,ou
1476,exclud
1477,librari
1478,gcc
1479,foundat
1480,approxim
1481,cheap
1482,balanc
1483,fantasi
1484,thread
1485,redhat
1486,carrier
1487,photo
1488,casino
1489,iroijlaplap
1490,staff
1491,eb
1492,difficult
1493,patent
1494,imposs
1495,entitl
1496,christian
1497,cancel
1498,igtt
1499,eat
1500,stream
1501,snore
1502,brian
1503,highest
1504,gambl
1505,friday
1506,hawaii
1507,ez
1508,farmer
1509,plant
1510,reward
1511,tast
1512,ne
1513,newsgroup
1514,acquisit
1515,farm
1516,arrang
1517,europ
1518,satisfact
1519,il
1520,trick
1521,januari
1522,earth
1523,water
1524,motiv
1525,percentag
1526,inexpens
1527,beat
1528,strength
1529,spamassassin
1530,boost
1531,colleagu
1532,beauti
1533,sheet
1534,earli
1535,formal
1536,hardwar
1537,v
1538,convert
1539,exceed
1540,mailbox
1541,maximum
1542,among
1543,truli
1544,al
1545,scholarship
1546,lawyer
1547,ratak
1548,murjel
1549,maxaman
1550,scan
1551,societi
1552,calcul
1553,audio
1554,webmast
1555,tremend
1556,penni
1557,nativ
1558,jar
1559,header
1560,hat
1561,mon
1562,african
1563,indian
1564,ed
1565,heart
1566,menu
1567,bless
1568,pack
1569,brought
1570,suppos
1571,senior
1572,que
1573,air
1574,skin
1575,neighbor
1576,nt
1577,brother
1578,detect
1579,cat
1580,tahoma
1581,reduct
1582,franc
1583,tivo
1584,european
1585,brain
1586,tobacco
1587,disappear
1588,desktop
1589,analysi
1590,legitim
1591,revok
1592,capac
1593,medium
1594,tab
1595,kabila
1596,grand
1597,formul
1598,ebook
1599,histor
1600,affect
1601,rmi
1602,henc
1603,hotel
1604,outstand
1605,physic
1606,te
1607,sit
1608,gari
1609,unfortun
1610,keyword
1611,england
1612,honest
1613,dan
1614,specifi
1615,food
1616,arm
1617,student
1618,lie
1619,civil
1620,bankruptci
1621,adam
1622,william
1623,northern
1624,br
1625,mandat
1626,primari
1627,cancer
1628,aspect
1629,sea
1630,usb
1631,environment
1632,telecom
1633,self
1634,western
1635,happier
1636,planet
1637,trader
1638,kindli
1639,portion
1640,paypal
1641,pro
1642,partnership
1643,diploma
1644,monarch
1645,mailer
1646,php
1647,elig
1648,plug
1649,overnight
1650,volum
1651,tape
1652,trip
1653,jurisdict
1654,ir
1655,flash
1656,equal
1657,ga
1658,appetit
1659,democrat
1660,previou
1661,stamp
1662,green
1663,disabl
1664,david
1665,owe
1666,insert
1667,diseas
1668,ltc
1669,assembl
1670,co
1671,club
1672,kit
1673,searcher
1674,remark
1675,occur
1676,erect
1677,obvious
1678,lawrenc
1679,kill
1680,mac
1681,wa
1682,stress
1683,tomorrow
1684,underwrit
1685,rank
1686,audienc
1687,interview
1688,synchron
1689,unlik
1690,saw
1691,entrepreneur
1692,door
1693,schedul
1694,compens
1695,seeker
1696,buck
1697,contribut
1698,higher
1699,spread
1700,remio
1701,septemb
1702,transmiss
1703,wealthi
1704,pressur
1705,feedback
1706,otherwis
1707,ingredi
1708,aqueou
1709,virus
1710,room
1711,leas
1712,lack
1713,yr
1714,child
1715,vari
1716,liquid
1717,congratul
1718,nearli
1719,stimul
1720,tx
1721,beneficiari
1722,proof
1723,defens
1724,craig
1725,laugh
1726,thursday
1727,skip
1728,burner
1729,sat
1730,crimin
1731,stoney
1732,md
1733,conduct
1734,experienc
1735,convent
1736,fedex
1737,whitelist
1738,seed
1739,boy
1740,serious
1741,glad
1742,harvest
1743,dark
1744,po
1745,consider
1746,duplic
1747,nvidia
1748,gave
1749,summer
1750,catch
1751,ce
1752,length
1753,cach
1754,stabil
1755,inc
1756,vipul
1757,proxi
1758,sa
1759,nbc
1760,collector
1761,measur
1762,potent
1763,ibm
1764,conflict
1765,jersey
1766,lexmark
1767,enemi
1768,bought
1769,own
1770,justin
1771,concentr
1772,es
1773,hei
1774,na
1775,bulletin
1776,smaller
1777,luck
1778,bound
1779,shot
1780,worst
1781,cna
1782,startup
1783,mahoney
1784,inspir
1785,viripot
1786,edg
1787,regardless
1788,murphi
1789,aol
1790,amalgam
1791,modem
1792,du
1793,lean
1794,spammer
1795,argument
1796,scheme
1797,nationwid
1798,int
1799,appar
1800,aid
1801,liter
1802,distributor
1803,app
1804,joe
1805,une
1806,mode
1807,dramat
1808,intellig
1809,xxx
1810,advisor
1811,headlin
1812,capsul
1813,reciev
1814,gnome
1815,statist
1816,chines
1817,downlin
1818,rare
1819,dealer
1820,lift
1821,ftoc
1822,essenti
1823,heavi
1824,draft
1825,mike
1826,fd
1827,ethic
1828,reli
1829,summari
1830,pull
1831,ip
1832,exit
1833,stabl
1834,dont
1835,fraction
1836,encourag
1837,babi
1838,vast
1839,sovereign
1840,hgh
1841,thirti
1842,iiu
1843,beta
1844,anonym
1845,replenish
1846,repeat
1847,dig
1848,chat
1849,await
1850,creditor
1851,ext
1852,compris
1853,round
1854,virtu
1855,damag
1856,laptop
1857,pci
1858,florida
1859,ownership
1860,fc
1861,processor
1862,planta
1863,empti
1864,clearli
1865,demo
1866,despit
1867,sm
1868,catalog
1869,nobodi
1870,votr
1871,charact
1872,finish
1873,dedic
1874,committe
1875,export
1876,assert
1877,boundari
1878,yeah
1879,mr
1880,negoti
1881,variabl
1882,jump
1883,mile
1884,produccion
1885,oprah
1886,decemb
1887,appoint
1888,payabl
1889,dozen
1890,biggest
1891,supplier
1892,postag
1893,wi
1894,contractor
1895,met
1896,analyst
1897,recognit
1898,palm
1899,symbol
1900,virginia
1901,unseen
1902,everybodi
1903,keyboard
1904,repositori
1905,minor
1906,moder
1907,netscap
1908,trace
1909,everyday
1910,hang
1911,crash
1912,pleasur
1913,ireland
1914,harm
1915,ù
1916,middl
1917,clicquot
1918,introductori
1919,instanc
1920,chart
1921,prioriti
1922,taongi
1923,cnn
1924,dave
1925,decad
1926,ano
1927,myinput
1928,termin
1929,season
1930,asian
1931,judg
1932,famou
1933,bear
1934,stupid
1935,mechan
1936,restrict
1937,zimbabw
1938,appropri
1939,fundament
1940,kin
1941,bu
1942,airport
1943,conclud
1944,scam
1945,bigger
1946,ii
1947,greater
1948,modul
1949,minist
1950,principl
1951,systemwork
1952,replica
1953,minim
1954,otcbb
1955,par
1956,hesit
1957,violat
1958,miami
1959,cigarett
1960,ct
1961,weapon
1962,packard
1963,descrambl
1964,greatest
1965,hewlett
1966,rapid
1967,began
1968,massiv
1969,twenti
1970,mutual
1971,somehow
1972,electr
1973,margin
1974,useless
1975,apt
1976,diamond
1977,overlook
1978,blue
1979,frustrat
1980,knew
1981,ved
1982,aggress
1983,oppos
1984,fraudul
1985,honesti
1986,rental
1987,teen
1988,refinanc
1989,structur
1990,breast
1991,built
1992,saou
1993,indiginet
1994,surviv
1995,mexico
1996,east
1997,ps
1998,protocol
1999,tt
2000,push
2001,canon
2002,cb
2003,somebodi
2004,herbac
2005,cv
2006,rick
2007,va
2008,sdram
2009,spirit
2010,templat
2011,declin
2012,task
2013,multipart
2014,profess
2015,jame
2016,output
2017,flag
2018,kate
2019,binari
2020,cc
2021,fuck
2022,telecommun
2023,flat
2024,yield
2025,ng
2026,mount
2027,artist
2028,therapi
2029,cycl
2030,conserv
2031,steven
2032,union
2033,notifi
2034,bsp
2035,secreci
2036,genet
2037,hong
2038,inflat
2039,blaster
2040,belong
2041,bureau
2042,bd
2043,shape
2044,coast
2045,correctli
2046,emerg
2047,constant
2048,ground
2049,daniel
2050,contest
2051,marriott
2052,hate
2053,certifi
2054,serial
2055,relax
2056,dell
2057,disclosur
2058,asia
2059,wrinkl
2060,subsequ
2061,martin
2062,vendor
2063,mous
2064,maillist
2065,zealand
2066,focu
2067,abandon
2068,bone
2069,prior
2070,behavior
2071,navig
2072,crave
2073,swiss
2074,plate
2075,typic
2076,bullet
2077,calm
2078,critic
2079,ee
2080,laserwrit
2081,debtor
2082,theori
2083,superior
2084,metabol
2085,inquiri
2086,shangrila
2087,depress
2088,favor
2089,onto
2090,greet
2091,whatsoev
2092,earlier
2093,encount
2094,config
2095,effici
2096,arrest
2097,veuv
2098,numer
2099,destruct
2100,phrase
2101,verif
2102,lay
2103,grade
2104,batch
2105,role
2106,sunday
2107,grab
2108,neither
2109,tft
2110,loos
2111,accessori
2112,album
2113,core
2114,viru
2115,inch
2116,deep
2117,fight
2118,storag
2119,disconnect
2120,ie
2121,english
2122,notif
2123,niall
2124,mitchel
2125,eventu
2126,untitl
2127,holiday
2128,dare
2129,au
2130,coral
2131,encrypt
2132,td
2133,hurri
2134,premier
2135,congo
2136,occup
2137,gh
2138,wild
2139,lazi
2140,portabl
2141,australia
2142,extern
2143,queri
2144,entiti
2145,nc
2146,pentium
2147,brief
2148,partit
2149,refus
2150,newspap
2151,focus
2152,incur
2153,limbo
2154,wave
2155,circumst
2156,threat
2157,fear
2158,chosen
2159,portfolio
2160,su
2161,retain
2162,spot
2163,invent
2164,pure
2165,tour
2166,elsewher
2167,medicin
2168,rom
2169,realiti
2170,zzzz
2171,hacker
2172,non
2173,parent
2174,observ
2175,fb
2176,revis
2177,garrigu
2178,extractor
2179,branch
2180,pharmaceut
2181,commonli
2182,ar
2183,googl
2184,illinoi
2185,matur
2186,java
2187,judici
2188,rent
2189,referr
2190,pie
2191,decreas
2192,older
2193,debian
2194,absorb
2195,mostli
2196,ny
2197,demonstr
2198,accur
2199,territori
2200,therebi
2201,maker
2202,vision
2203,goto
2204,steve
2205,firewal
2206,label
2207,rep
2208,strike
2209,algorithm
2210,tune
2211,endless
2212,recov
2213,multimedia
2214,routin
2215,adapt
2216,zowi
2217,februari
2218,freez
2219,mountain
2220,nv
2221,signup
2222,wear
2223,suppress
2224,wowi
2225,magic
2226,plenti
2227,rush
2228,candid
2229,entrepris
2230,wrap
2231,feet
2232,carolina
2233,intel
2234,exot
2235,engag
2236,highlight
2237,meant
2238,prey
2239,barrist
2240,scientif
2241,ravag
2242,poker
2243,chain
2244,lago
2245,pic
2246,bother
2247,evid
2248,throughout
2249,coach
2250,failur
2251,dice
2252,celebr
2253,merg
2254,kiff
2255,cordial
2256,kong
2257,glm
2258,toy
2259,rapidli
2260,unlist
2261,inbox
2262,creativ
2263,em
2264,authent
2265,compress
2266,criteria
2267,random
2268,cool
2269,graduat
2270,unemploy
2271,wednesday
2272,affair
2273,jim
2274,exploit
2275,ton
2276,deni
2277,clock
2278,overal
2279,float
2280,reboot
2281,ill
2282,credibl
2283,broken
2284,suck
2285,evil
2286,televis
2287,unbeliev
2288,contenedor
2289,disc
2290,eastern
2291,grown
2292,precis
2293,complic
2294,simplifi
2295,tough
2296,sophist
2297,bluecom
2298,inject
2299,jennif
2300,paramount
2301,desk
2302,paperwork
2303,suspect
2304,void
2305,doc
2306,twice
2307,lawsuit
2308,kj
2309,hookah
2310,gnupg
2311,cpm
2312,quarter
2313,movil
2314,healthi
2315,settl
2316,institut
2317,miracl
2318,spous
2319,bed
2320,bargain
2321,comparison
2322,topic
2323,translat
2324,chip
2325,ordinari
2326,mere
2327,anxieti
2328,ge
2329,fuel
2330,mo
2331,cold
2332,proceed
2333,inlin
2334,map
2335,bond
2336,attitud
2337,sentenc
2338,bag
2339,pend
2340,unhappi
2341,aux
2342,organis
2343,danmark
2344,zero
2345,diplomat
2346,moral
2347,octob
2348,consequ
2349,deduct
2350,bir
2351,threaten
2352,maxim
2353,potenc
2354,fantast
2355,ia
2356,ion
2357,lb
2358,lodg
2359,penil
2360,sister
2361,rock
2362,ref
2363,illustr
2364,redesign
2365,essenc
2366,laurent
2367,convinc
2368,bind
2369,modern
2370,station
2371,pablo
2372,distro
2373,joint
2374,diabet
2375,town
2376,cholesterol
2377,sector
2378,explod
2379,song
2380,conceal
2381,inventori
2382,ping
2383,resolv
2384,richard
2385,apart
2386,hunger
2387,bet
2388,damn
2389,endow
2390,advisori
2391,angel
2392,joy
2393,astronom
2394,slice
2395,xerox
2396,steadi
2397,implic
2398,rid
2399,beyond
2400,truck
2401,ram
2402,deadlin
2403,lilo
2404,beach
2405,architectur
2406,incorpor
2407,slightli
2408,london
2409,signal
2410,prize
2411,forest
2412,congression
2413,intensifi
2414,till
2415,score
2416,forti
2417,tn
2418,condon
2419,hospit
2420,attend
2421,realnetwork
2422,trustworthi
2423,rehber
2424,felt
2425,appl
2426,tom
2427,furnish
2428,resort
2429,split
2430,rise
2431,utmost
2432,sexi
2433,thermal
2434,russian
2435,trauma
2436,hide
2437,particularli
2438,joseph
2439,salvia
2440,enlarg
2441,dakota
2442,multilevel
2443,adjust
2444,lend
2445,bulkbook
2446,unknown
2447,weekend
2448,ideal
2449,savoir
2450,pension
2451,breakthrough
2452,ran
2453,exposur
2454,oversea
2455,conclus
2456,heck
2457,examin
2458,trademark
2459,caught
2460,optim
2461,hassl
2462,afternoon
2463,ssh
2464,merchandis
2465,forum
2466,diagnost
2467,necess
2468,extraordinari
2469,van
2470,hey
2471,hype
2472,alcohol
2473,permit
2474,pump
2475,propag
2476,movement
2477,mission
2478,inclus
2479,shell
2480,expos
2481,annoy
2482,beberg
2483,border
2484,anticip
2485,offshor
2486,victim
2487,hunt
2488,je
2489,strenuou
2490,com
2491,assign
2492,perfectli
2493,sql
2494,lotu
2495,timeout
2496,logic
2497,hazard
2498,hint
2499,prudenti
